{
    "iteration": 252,
    "distance": 1.0839257619792544,
    "parameters": {
        "a": {
            "0": -9.753672892609126,
            "1": 1.200742431441206,
            "2": 6.187022758393482,
            "3": -7.164270311125594,
            "4": -11.876765353882691,
            "5": 2.156505450279031,
            "6": -1.2090431364289915,
            "7": -12.606280593902927
        },
        "b": {
            "0": 15,
            "1": -8.647192821298482,
            "2": 12.435264263733655,
            "3": -5.0892624118574075,
            "4": 3.5572168715333983,
            "5": 1.6064485806629754,
            "6": -8.472398474970772,
            "7": -3.2365991606331903
        },
        "c": {
            "0": 5.860134599691204,
            "1": 5.032831785021649,
            "2": 1.4952270209347605,
            "3": 5.505965387459126,
            "4": 2.925781654417367,
            "5": 5.27552351716867,
            "6": 2.7802956341802805,
            "7": 1.594391916347563
        },
        "omega": 9.710081496118098
    },
    "timestamp": "20241219_154758"
}